scenario,policy,repetition,correctness_pass,CorrectCommitThroughput,completion_ratio,successful_commits,conflict_count,retry_count,LostUpdateCount,WrongFinalRows,duration_seconds
s1,p3,3,True,100.63669366121407,1.0,250,0,0,0,0,2.484183362001204
s1,p1,3,True,100.453343003737,1.0,250,0,0,0,0,2.488717573000031
s1,p2,3,True,100.44734066464233,1.0,250,0,0,0,0,2.4888662890007254
s1,p1,4,True,99.81291873003113,1.0,250,0,0,0,0,2.5046857979996275
s1,p2,4,True,99.58236684924114,1.0,250,0,0,0,0,2.510484616001122
s1,p3,4,True,99.34953080402117,1.0,250,0,0,0,0,2.5163681999983964
s1,p2,5,True,98.77055927120375,1.0,250,0,0,0,0,2.5311186029994133
s1,p1,5,True,98.22956655828267,1.0,250,0,0,0,0,2.545058567999149
s1,p3,5,True,97.76220700947337,1.0,250,0,0,0,0,2.5572254109993082
s1,p2,7,True,97.48464724236644,1.0,250,0,0,0,0,2.5645063819993084
s1,p1,9,True,97.45806024047391,1.0,250,0,0,0,0,2.5652059909989475
s1,p2,6,True,97.14948821388785,1.0,250,0,0,0,0,2.573353751999093
s1,p1,6,True,97.13724162002839,1.0,250,0,0,0,0,2.5736781880004855
s1,p1,1,True,96.47471619912575,1.0,250,0,0,0,0,2.591352530998847
s1,p3,1,True,96.35605054888366,1.0,250,0,0,0,0,2.5945438670005387
s1,p2,1,True,96.31190762604082,1.0,250,0,0,0,0,2.59573303200159
s1,p3,6,True,96.03248071102989,1.0,250,0,0,0,0,2.603285868999592
s1,p1,8,True,95.19287216883016,1.0,250,0,0,0,0,2.626247053000043
s1,p2,8,True,94.88295221556275,1.0,250,0,0,0,0,2.634825267999986
s1,p3,2,True,94.68162288180618,1.0,250,0,0,0,0,2.640427914000611
s1,p2,10,True,94.42806942321913,1.0,250,0,0,0,0,2.6475178569999116
s1,p3,9,True,94.35147745955975,1.0,250,0,0,0,0,2.649667040001077
s1,p3,10,True,94.34279935938075,1.0,250,0,0,0,0,2.649910768999689
s1,p2,9,True,94.11862932958054,1.0,250,0,0,0,0,2.6562222779994045
s1,p1,2,True,94.0896690330267,1.0,250,0,0,0,0,2.6570398490002844
s1,p2,2,True,94.04856766447288,1.0,250,0,0,0,0,2.6582010359998094
s1,p1,10,True,94.01768685243243,1.0,250,0,0,0,0,2.6590741420004633
s1,p3,8,True,93.78582083775564,1.0,250,0,0,0,0,2.665648152000358
s1,p1,7,True,93.61967133003091,1.0,250,0,0,0,0,2.6703789539988065
s1,p3,7,True,87.22796393703146,1.0,250,0,0,0,0,2.8660533700003725
s1,p4,4,True,69.28281195509005,1.0,250,0,0,0,0,3.608398575999672
s1,p4,3,True,68.99488854625355,1.0,250,0,0,0,0,3.6234568279996893
s1,p4,2,True,68.89371873538107,1.0,250,0,0,0,0,3.628777842001
s1,p4,5,True,68.63363772415056,1.0,250,0,0,0,0,3.6425287700003537
s1,p4,8,True,68.3162131527684,1.0,250,0,0,0,0,3.659453422000297
s1,p4,10,True,68.27118596488472,1.0,250,0,0,0,0,3.661866956999802
s1,p4,6,True,68.23200249088246,1.0,250,0,0,0,0,3.6639698510007292
s1,p4,1,True,66.95566232115443,1.0,250,0,0,0,0,3.733814159000758
s1,p4,9,True,64.48991588686367,1.0,250,0,0,0,0,3.8765750670008856
s1,p4,7,True,63.634872687492404,1.0,250,0,0,0,0,3.928663474000132
s1,p0,1,True,48.14032577469379,0.5708333333333333,137,113,0,0,0,2.8458469649995095
s1,p0,3,True,48.01916688874625,0.5541666666666667,133,117,0,0,0,2.7697273529993254
s1,p0,4,True,47.613365194884636,0.5541666666666667,133,117,0,0,0,2.793333331001122
s1,p0,10,True,47.46673590480278,0.5666666666666667,136,114,0,0,0,2.8651643600005627
s1,p0,5,True,46.418972624293986,0.5791666666666667,139,111,0,0,0,2.9944652400008636
s1,p0,8,True,46.39355910103111,0.5583333333333333,134,116,0,0,0,2.888331971000298
s1,p0,2,True,45.19746715437708,0.5458333333333333,131,119,0,0,0,2.8983925039992755
s1,p0,7,True,44.732787660199286,0.5333333333333333,128,122,0,0,0,2.861435799000901
s1,p0,9,True,43.39571379194289,0.65,156,94,0,0,0,3.594825072999811
s1,p0,6,True,42.07383194939494,0.6291666666666667,151,99,0,0,0,3.5889291040002718
