run_id,policy,repetition,worker,planned,completed,aborted,p95_latency_seconds,latency_sample_count,active_start_seconds,active_end_seconds
s4-p0-r1-b1f04791,p0,1,A,40,20,20,0.013187458000004426,40,0.016384717999997633,1.6424925249999944
s4-p0-r1-b1f04791,p0,1,B,100,49,51,0.021498215999997683,100,0.008267239999995013,3.485166632000002
s4-p0-r1-b1f04791,p0,1,C,100,43,57,0.02094361700000036,100,0.019464681000002315,3.5204939810000013
s4-p0-r1-b1f04791,p0,1,D,10,3,7,0.7965628150000015,10,0.019497615999995332,1.0837911289999909
s4-p0-r2-ef0f1cf0,p0,2,A,40,40,0,0.023755965999981754,40,0.007171653000000333,1.7149346870000102
s4-p0-r2-ef0f1cf0,p0,2,B,100,43,57,0.0627061959999935,100,0.01411191800002598,4.074558414000023
s4-p0-r2-ef0f1cf0,p0,2,C,100,55,45,0.05711102300000448,100,0.00879690900001151,4.418926833
s4-p0-r2-ef0f1cf0,p0,2,D,10,0,10,1.218143255000001,10,0.015099642000024005,1.8419256090000147
s4-p0-r3-285e9e40,p0,3,A,40,36,4,0.014379570000016884,40,0.01227556199998503,1.890499936999987
s4-p0-r3-285e9e40,p0,3,B,100,46,54,0.04095479500000465,100,0.010123303000000305,3.782731315999996
s4-p0-r3-285e9e40,p0,3,C,100,45,55,0.043069470999995474,100,0.013018230999989555,3.8050105449999876
s4-p0-r3-285e9e40,p0,3,D,10,0,10,1.2393948369999919,10,0.01817716299999006,1.6179933889999916
s4-p0-r4-54d32ba6,p0,4,A,40,40,0,0.015074077000008401,40,0.018553159999981972,1.765455261999989
s4-p0-r4-54d32ba6,p0,4,B,100,46,54,0.06049777100000142,100,0.01805894800000374,4.414141080999997
s4-p0-r4-54d32ba6,p0,4,C,100,52,48,0.056301257000001215,100,0.02013660299999742,4.4981020409999815
s4-p0-r4-54d32ba6,p0,4,D,10,0,10,0.8783476620000101,10,0.006870231999982934,1.3480719599999986
s4-p0-r5-02d60ea4,p0,5,A,40,36,4,0.016693476000000373,40,0.011089736000030825,1.9469301560000076
s4-p0-r5-02d60ea4,p0,5,B,100,37,63,0.05297500299997182,100,0.012983845000007932,3.834527086000037
s4-p0-r5-02d60ea4,p0,5,C,100,56,44,0.049949136000009275,100,0.01654640300000665,4.435747544000037
s4-p0-r5-02d60ea4,p0,5,D,10,9,1,0.7966621020000275,10,0.006792264000011983,1.0099098370000092
s4-p0-r6-eceeffd1,p0,6,A,40,26,14,0.02199638400003323,40,0.01483484199997065,1.943553450999957
s4-p0-r6-eceeffd1,p0,6,B,100,51,49,0.027930101999970702,100,0.02014945999997053,3.9771826569999575
s4-p0-r6-eceeffd1,p0,6,C,100,51,49,0.030431785999951444,100,0.009781597999960923,3.5435753729999533
s4-p0-r6-eceeffd1,p0,6,D,10,3,7,0.7692203889999973,10,0.018873493999990387,1.025307373999965
s4-p0-r7-4c811441,p0,7,A,40,26,14,0.015451151000036134,40,0.002484701000014411,1.6375924110000142
s4-p0-r7-4c811441,p0,7,B,100,56,44,0.024364145000049575,100,0.011478642000042782,3.768630511000026
s4-p0-r7-4c811441,p0,7,C,100,31,69,0.024875983000015367,100,0.018577367000034428,3.7717227159999993
s4-p0-r7-4c811441,p0,7,D,10,3,7,0.7696925399999941,10,0.0053676140000220585,1.0443916610000201
s4-p0-r8-eb46cd65,p0,8,A,40,40,0,0.015155177999986336,40,0.007402674999980263,1.650133492000009
s4-p0-r8-eb46cd65,p0,8,B,100,44,56,0.05911075599999549,100,0.0018946499999970001,4.185079099000006
s4-p0-r8-eb46cd65,p0,8,C,100,45,55,0.06119405999999117,100,0.014735217000009015,4.190056971999979
s4-p0-r8-eb46cd65,p0,8,D,10,0,10,0.8725479510000014,10,0.019408278000014434,1.390973405000011
s4-p0-r9-7e9d71f3,p0,9,A,40,27,13,0.013312444000007417,40,0.015025825000066106,1.819877312000017
s4-p0-r9-7e9d71f3,p0,9,B,100,43,57,0.023235006000049907,100,0.006640145000005759,3.7193860400000176
s4-p0-r9-7e9d71f3,p0,9,C,100,47,53,0.022216135999997277,100,0.0009089850000236765,3.5568706950000433
s4-p0-r9-7e9d71f3,p0,9,D,10,6,4,0.8146879869999566,10,0.0016158340000629323,1.0430087700000286
s4-p0-r10-f26fa561,p0,10,A,40,31,9,0.013021710999964853,40,0.01631387800000539,1.7123008070000196
s4-p0-r10-f26fa561,p0,10,B,100,36,64,0.029107369000030303,100,0.011723101000029601,3.825860309999939
s4-p0-r10-f26fa561,p0,10,C,100,48,52,0.025653720999912366,100,0.0005873559999827194,3.855106568999986
s4-p0-r10-f26fa561,p0,10,D,10,5,5,0.9308762050000041,10,0.005236002999936318,1.1704522410000209
s4-p1-r1-46a529b7,p1,1,A,40,40,0,0.016404808000004323,40,0.016499445000007995,1.7066932360000067
s4-p1-r1-46a529b7,p1,1,B,100,42,58,0.062377947000001654,100,0.008226324000006002,4.184390743999998
s4-p1-r1-46a529b7,p1,1,C,100,53,47,0.0603255980000057,100,0.019284308000010242,4.407312951000009
s4-p1-r1-46a529b7,p1,1,D,10,0,10,0.9851397350000042,10,0.01954727199999695,1.6239030720000045
s4-p1-r2-6d807fbb,p1,2,A,40,40,0,0.01428628700000445,40,0.007312149000000545,1.658250267999989
s4-p1-r2-6d807fbb,p1,2,B,100,53,47,0.05949854200000004,100,0.014316350000001421,4.3564990259999945
s4-p1-r2-6d807fbb,p1,2,C,100,44,56,0.05666417800000545,100,0.008968608999992966,4.131742829999979
s4-p1-r2-6d807fbb,p1,2,D,10,0,10,0.9745292679999977,10,0.015158843999984128,1.5192922579999788
s4-p1-r3-8d2968e3,p1,3,A,40,40,0,0.01854888299999402,40,0.01249948399998857,2.028515585000008
s4-p1-r3-8d2968e3,p1,3,B,100,51,49,0.03546557300001041,100,0.010551595000009684,4.119031277000005
s4-p1-r3-8d2968e3,p1,3,C,100,35,65,0.04111789000000954,100,0.013365573000015729,4.107728220000013
s4-p1-r3-8d2968e3,p1,3,D,10,2,8,1.1314255930000172,10,0.018245511999992914,1.429910374000002
s4-p1-r4-a0426410,p1,4,A,40,40,0,0.020076485999993565,40,0.018316918999971676,1.7527916209999717
s4-p1-r4-a0426410,p1,4,B,100,47,53,0.06542820000004212,100,0.018028845000003457,4.5057873349999795
s4-p1-r4-a0426410,p1,4,C,100,52,48,0.0609493660000453,100,0.020350011000004997,4.169124131999979
s4-p1-r4-a0426410,p1,4,D,10,0,10,1.0903720909999493,10,0.006241126000020358,1.7358382279999773
s4-p1-r5-da336040,p1,5,A,40,40,0,0.01980632599997989,40,0.011306497999953535,1.8048960679999482
s4-p1-r5-da336040,p1,5,B,100,47,53,0.0603998760000195,100,0.013178649999986192,4.344395300999963
s4-p1-r5-da336040,p1,5,C,100,46,54,0.06118777099999306,100,0.016634288999966884,4.4824074829999745
s4-p1-r5-da336040,p1,5,D,10,0,10,0.9512712780000356,10,0.006964646999961133,1.3658231229999842
s4-p1-r6-ee9046b4,p1,6,A,40,40,0,0.01525376300003245,40,0.014758553999968171,2.033712899999955
s4-p1-r6-ee9046b4,p1,6,B,100,42,58,0.03405130300001247,100,0.01998892399996066,4.276801199999966
s4-p1-r6-ee9046b4,p1,6,C,100,47,53,0.038514368000051036,100,0.00989513399997577,3.9298524699999575
s4-p1-r6-ee9046b4,p1,6,D,10,3,7,0.7862967450000156,10,0.018468565999967268,1.1118812679999905
s4-p1-r7-e501cfb6,p1,7,A,40,40,0,0.017786732999979904,40,0.0024090519999617754,1.7188925399999562
s4-p1-r7-e501cfb6,p1,7,B,100,50,50,0.06579251399995201,100,0.011504573999957302,4.286170174999995
s4-p1-r7-e501cfb6,p1,7,C,100,39,61,0.06634836500001029,100,0.018608621999987918,4.2578051479999885
s4-p1-r7-e501cfb6,p1,7,D,10,0,10,0.8006563060000076,10,0.005366867999953229,1.308990395999956
s4-p1-r8-6c6ce3d7,p1,8,A,40,40,0,0.016462756000009904,40,0.0074426599999810605,1.6281497079999667
s4-p1-r8-6c6ce3d7,p1,8,B,100,40,60,0.05899057600004198,100,0.0019710599999598344,4.103107537999961
s4-p1-r8-6c6ce3d7,p1,8,C,100,57,43,0.0617292879999809,100,0.014923104999979842,4.238872617999959
s4-p1-r8-6c6ce3d7,p1,8,D,10,0,10,0.7380491569999776,10,0.019412220999981855,1.1854794819999483
s4-p1-r9-e1dddecb,p1,9,A,40,40,0,0.014270410999984051,40,0.014990130000001045,1.8188061870000638
s4-p1-r9-e1dddecb,p1,9,B,100,36,64,0.036323843999980454,100,0.00655751900001178,3.7520291650000672
s4-p1-r9-e1dddecb,p1,9,C,100,43,57,0.03220662299997912,100,0.0007461490000650883,3.8907520660000046
s4-p1-r9-e1dddecb,p1,9,D,10,8,2,0.7944105960000343,10,0.0017238460000044142,1.0254237520000515
s4-p1-r10-39b306c5,p1,10,A,40,40,0,0.014349072999948476,40,0.016112878999933855,1.5866800759999933
s4-p1-r10-39b306c5,p1,10,B,100,32,68,0.04494500600003448,100,0.011698206000005484,4.021303601
s4-p1-r10-39b306c5,p1,10,C,100,52,48,0.043138052000017524,100,0.00047527300000638206,4.019317112999943
s4-p1-r10-39b306c5,p1,10,D,10,2,8,0.7686527710000064,10,0.005155856999977004,1.0563434470000175
s4-p2-r1-95878e0d,p2,1,A,40,40,0,0.019833895000004986,40,0.01643490299998973,1.9389544779999994
s4-p2-r1-95878e0d,p2,1,B,100,93,7,0.2970837539999991,100,0.0081178449999868,7.609848620999998
s4-p2-r1-95878e0d,p2,1,C,100,95,5,0.2633445789999911,100,0.019493751999988262,6.930728768999998
s4-p2-r1-95878e0d,p2,1,D,10,8,2,0.9099257360000053,10,0.019724026999995203,2.5786701139999906
s4-p2-r2-d9e57c0f,p2,2,A,40,40,0,0.014347014999998464,40,0.007480390000011994,1.6943472270000086
s4-p2-r2-d9e57c0f,p2,2,B,100,96,4,0.28382857500000114,100,0.014425840000001244,7.403654493000005
s4-p2-r2-d9e57c0f,p2,2,C,100,95,5,0.2711246619999912,100,0.009081910000006133,7.2318326880000114
s4-p2-r2-d9e57c0f,p2,2,D,10,8,2,1.1957651630000043,10,0.015279441000004113,2.438359164000005
s4-p2-r3-b0c94fef,p2,3,A,40,40,0,0.015985487999984116,40,0.012280403000005435,1.610067053999984
s4-p2-r3-b0c94fef,p2,3,B,100,94,6,0.26295259500000157,100,0.010064282999991292,7.502786783000005
s4-p2-r3-b0c94fef,p2,3,C,100,98,2,0.13761387799999625,100,0.013150027999984104,6.478994245999985
s4-p2-r3-b0c94fef,p2,3,D,10,7,3,1.747126623000014,10,0.018081400999989228,2.642334597999991
s4-p2-r4-9c0fe54e,p2,4,A,40,40,0,0.03669081599997526,40,0.01841267100002142,1.9364853080000444
s4-p2-r4-9c0fe54e,p2,4,B,100,98,2,0.24179076600000826,100,0.017861548000041694,7.969330551000041
s4-p2-r4-9c0fe54e,p2,4,C,100,95,5,0.23660083400000076,100,0.02021001800000022,7.798753937000015
s4-p2-r4-9c0fe54e,p2,4,D,10,7,3,1.2520331149999606,10,0.006281706000038412,3.3132678100000135
s4-p2-r5-4428da8a,p2,5,A,40,40,0,0.01622834100004411,40,0.011243320999994921,1.93327819000001
s4-p2-r5-4428da8a,p2,5,B,100,95,5,0.27645830799997384,100,0.013183447000017168,6.9521355720000315
s4-p2-r5-4428da8a,p2,5,C,100,97,3,0.17057382600000892,100,0.016756583000017145,7.2852219000000105
s4-p2-r5-4428da8a,p2,5,D,10,9,1,0.7592545580000092,10,0.006863065999993978,1.425862627000015
s4-p2-r6-a94e0cac,p2,6,A,40,40,0,0.019893328000023303,40,0.014794363000021349,1.771824817000038
s4-p2-r6-a94e0cac,p2,6,B,100,95,5,0.25694818599998825,100,0.020044588000018848,7.095938515
s4-p2-r6-a94e0cac,p2,6,C,100,95,5,0.2871793289999687,100,0.009906671000010192,7.416000779000001
s4-p2-r6-a94e0cac,p2,6,D,10,9,1,1.6052897429999575,10,0.018547250000040094,2.5978279040000416
s4-p2-r7-f8988ffd,p2,7,A,40,40,0,0.015847157000052903,40,0.002421483000034641,1.7451035690000367
s4-p2-r7-f8988ffd,p2,7,B,100,98,2,0.16210156099998585,100,0.011359939000044506,7.42318253000002
s4-p2-r7-f8988ffd,p2,7,C,100,94,6,0.29910143000000744,100,0.018307891000006293,8.121561444999998
s4-p2-r7-f8988ffd,p2,7,D,10,9,1,1.2506209370000079,10,0.0053566509999996015,2.460988564000047
s4-p2-r8-02eee923,p2,8,A,40,40,0,0.017130495999992945,40,0.00741484700000683,1.6507000729999959
s4-p2-r8-02eee923,p2,8,B,100,96,4,0.25761037200004466,100,0.001732614999980342,7.326634585000022
s4-p2-r8-02eee923,p2,8,C,100,95,5,0.26825433800001974,100,0.0147778129999665,7.620966788999965
s4-p2-r8-02eee923,p2,8,D,10,8,2,1.5720666949999895,10,0.01946298399997204,2.4890343540000117
s4-p2-r9-d4d05ab8,p2,9,A,40,40,0,0.014365236000003279,40,0.01490604599996459,1.7498504259999663
s4-p2-r9-d4d05ab8,p2,9,B,100,98,2,0.1710542760000635,100,0.006470431000025201,6.309206241999959
s4-p2-r9-d4d05ab8,p2,9,C,100,94,6,0.28516879500000414,100,0.0007200279999324266,7.060084349000022
s4-p2-r9-d4d05ab8,p2,9,D,10,7,3,0.8187211409999691,10,0.001633558999969864,2.079472065999994
s4-p2-r10-26f9f360,p2,10,A,40,40,0,0.017915593999987323,40,0.016077224000014212,1.6614474090000613
s4-p2-r10-26f9f360,p2,10,B,100,96,4,0.20108483100000285,100,0.011458122000021831,7.182634400999973
s4-p2-r10-26f9f360,p2,10,C,100,96,4,0.25731367399998817,100,0.0005275250000522647,7.240039409000019
s4-p2-r10-26f9f360,p2,10,D,10,8,2,0.767711362,10,0.0051661459999650106,2.0775046640000028
s4-p3-r1-f2eacd60,p3,1,A,40,40,0,0.07504159699999491,40,0.016293823000012253,6.7375811010000035
s4-p3-r1-f2eacd60,p3,1,B,100,100,0,0.11475158999999735,100,0.008224764000004825,9.653821536999999
s4-p3-r1-f2eacd60,p3,1,C,100,100,0,0.1073632190000069,100,0.019314473000008547,9.718034892000006
s4-p3-r1-f2eacd60,p3,1,D,10,10,0,3.578260646000004,10,0.019351537000005692,5.282550755000003
s4-p3-r2-8eb56455,p3,2,A,40,40,0,0.05901246400000559,40,0.007345998999994663,6.680053114999993
s4-p3-r2-8eb56455,p3,2,B,100,100,0,0.053659672000009095,100,0.014286187000010386,9.003401141000012
s4-p3-r2-8eb56455,p3,2,C,100,100,0,0.05560341899999344,100,0.008832210000008445,9.063330345999987
s4-p3-r2-8eb56455,p3,2,D,10,10,0,4.680597345999985,10,0.015352685000010524,5.242503333999991
s4-p3-r3-ce55a805,p3,3,A,40,40,0,0.05868337999999085,40,0.012372054000024946,6.925341197000023
s4-p3-r3-ce55a805,p3,3,B,100,100,0,0.05386055700000725,100,0.010183312000009437,9.319558544000017
s4-p3-r3-ce55a805,p3,3,C,100,100,0,0.05385977699998534,100,0.013248113000003059,9.339516898
s4-p3-r3-ce55a805,p3,3,D,10,10,0,4.969130579999984,10,0.01819376100002046,5.550247494000018
s4-p3-r4-73b2e147,p3,4,A,40,40,0,0.06661423499997454,40,0.01840100099997244,7.342864012999996
s4-p3-r4-73b2e147,p3,4,B,100,100,0,0.06096993599999223,100,0.01793148100000508,9.696359298000004
s4-p3-r4-73b2e147,p3,4,C,100,100,0,0.060347464000017226,100,0.020016039999973145,9.715840035999975
s4-p3-r4-73b2e147,p3,4,D,10,10,0,4.166477409000038,10,0.006504823000000215,5.845355468999969
s4-p3-r5-b2eee913,p3,5,A,40,40,0,0.06181418699998176,40,0.011160526000026039,6.503514424000002
s4-p3-r5-b2eee913,p3,5,B,100,100,0,0.05481090000000677,100,0.01311166300001787,8.934194105000017
s4-p3-r5-b2eee913,p3,5,C,100,100,0,0.05347813100001986,100,0.016760883000017657,8.987157158000002
s4-p3-r5-b2eee913,p3,5,D,10,10,0,3.43598683700003,10,0.006875023000020519,5.064417724000009
s4-p3-r6-34e2af3a,p3,6,A,40,40,0,0.0794015649999551,40,0.014712706000011622,6.695977130000017
s4-p3-r6-34e2af3a,p3,6,B,100,100,0,0.05847245000001067,100,0.020073755999987952,9.15797814199999
s4-p3-r6-34e2af3a,p3,6,C,100,100,0,0.061276142999986405,100,0.009814337000022988,9.079463697999984
s4-p3-r6-34e2af3a,p3,6,D,10,10,0,3.4965247459999773,10,0.01845021200000474,5.197276580999983
s4-p3-r7-ffda79c0,p3,7,A,40,40,0,0.06286299199996392,40,0.00250420499997972,7.406998238999961
s4-p3-r7-ffda79c0,p3,7,B,100,100,0,0.052445362000014484,100,0.011583542999971996,9.844266446999995
s4-p3-r7-ffda79c0,p3,7,C,100,100,0,0.052283638000005794,100,0.018567539000002853,9.779697510000005
s4-p3-r7-ffda79c0,p3,7,D,10,10,0,3.073204966999981,10,0.005469367999978658,5.968216933999997
s4-p3-r8-dcd650d9,p3,8,A,40,40,0,0.06272084600004746,40,0.007226231999993615,6.5495073060000095
s4-p3-r8-dcd650d9,p3,8,B,100,100,0,0.060614834000034534,100,0.0018156340000246018,8.884552650999979
s4-p3-r8-dcd650d9,p3,8,C,100,100,0,0.05988250500001868,100,0.014663288999997803,8.942182258000003
s4-p3-r8-dcd650d9,p3,8,D,10,10,0,4.507287711000004,10,0.019294741999999587,5.106574438999985
s4-p3-r9-d19a7eb9,p3,9,A,40,40,0,0.0535035699999753,40,0.015171541999961846,6.352173551999954
s4-p3-r9-d19a7eb9,p3,9,B,100,100,0,0.04915167000001475,100,0.006572522999931607,8.701885613999934
s4-p3-r9-d19a7eb9,p3,9,C,100,100,0,0.05344289899994692,100,0.000798504999920624,8.678302572999996
s4-p3-r9-d19a7eb9,p3,9,D,10,10,0,2.293450484999994,10,0.001773095999965335,4.954037231999905
s4-p3-r10-ad1c55c7,p3,10,A,40,40,0,0.058068791999971836,40,0.016184769000005872,6.775912785999935
s4-p3-r10-ad1c55c7,p3,10,B,100,100,0,0.05407347400000617,100,0.011671608999904493,9.124280262999946
s4-p3-r10-ad1c55c7,p3,10,C,100,100,0,0.053504495999959545,100,0.0005720229999042203,9.14557441799991
s4-p3-r10-ad1c55c7,p3,10,D,10,10,0,2.6351465359999793,10,0.005185530999938237,5.316326695999919
s4-p4-r1-5847f05f,p4,1,A,40,40,0,0.07332116199999916,40,0.016458815000000016,7.249568093999997
s4-p4-r1-5847f05f,p4,1,B,100,100,0,0.07233524699999805,100,0.008161310999994953,10.425376639999996
s4-p4-r1-5847f05f,p4,1,C,100,100,0,0.06579322099999985,100,0.019468797999998344,10.445092688999992
s4-p4-r1-5847f05f,p4,1,D,10,10,0,3.9577819120000015,10,0.019453260999995337,5.751284261999999
s4-p4-r2-203fdd04,p4,2,A,40,40,0,0.055256619000005,40,0.007214233999988551,6.4454746779999965
s4-p4-r2-203fdd04,p4,2,B,100,100,0,0.05148363800000766,100,0.014032366999998658,8.872504570000004
s4-p4-r2-203fdd04,p4,2,C,100,100,0,0.0575255760000033,100,0.008913541999987729,8.89394175599999
s4-p4-r2-203fdd04,p4,2,D,10,10,0,4.470653920000004,10,0.015119035999987318,5.034258245999993
s4-p4-r3-f1efa016,p4,3,A,40,40,0,0.05773870299998407,40,0.012412884000013946,6.4041242670000145
s4-p4-r3-f1efa016,p4,3,B,100,100,0,0.05245691899997951,100,0.01022642300000598,8.754897761000024
s4-p4-r3-f1efa016,p4,3,C,100,100,0,0.057177974000012455,100,0.013131917000009707,8.77791949500002
s4-p4-r3-f1efa016,p4,3,D,10,10,0,4.432344218999987,10,0.018129395000016757,5.004338813000004
s4-p4-r4-85ad4fe7,p4,4,A,40,40,0,0.059649472999979025,40,0.018344508000012638,6.373868078000015
s4-p4-r4-85ad4fe7,p4,4,B,100,100,0,0.05752385199997434,100,0.017655239000021083,8.955643390000006
s4-p4-r4-85ad4fe7,p4,4,C,100,100,0,0.05615355500000874,100,0.019989637000008997,8.980122348999998
s4-p4-r4-85ad4fe7,p4,4,D,10,10,0,3.2993029170000057,10,0.006315383000014663,4.907055422000013
s4-p4-r5-ddaa8f33,p4,5,A,40,40,0,0.0601980419999677,40,0.011311333999969975,6.480928625999979
s4-p4-r5-ddaa8f33,p4,5,B,100,100,0,0.05490059100003464,100,0.013056249999976899,8.87978984099999
s4-p4-r5-ddaa8f33,p4,5,C,100,100,0,0.0500836980000372,100,0.016653755999982423,8.900463629
s4-p4-r5-ddaa8f33,p4,5,D,10,10,0,3.4777053990000013,10,0.007071668999969916,5.074370839999972
s4-p4-r6-41227684,p4,6,A,40,40,0,0.08231738400002087,40,0.015043472000002112,6.846541987000023
s4-p4-r6-41227684,p4,6,B,100,100,0,0.055313129000012395,100,0.020090236999976696,9.27969962200001
s4-p4-r6-41227684,p4,6,C,100,100,0,0.058788257999992766,100,0.01000349800000322,9.259400174999996
s4-p4-r6-41227684,p4,6,D,10,10,0,3.522165236000035,10,0.018584697999983746,5.2627044459999865
s4-p4-r7-08d8daab,p4,7,A,40,40,0,0.09975240599999324,40,0.0026761409999949137,6.819272019000039
s4-p4-r7-08d8daab,p4,7,B,100,100,0,0.06093208900000491,100,0.01164932800003271,9.399169067999992
s4-p4-r7-08d8daab,p4,7,C,100,100,0,0.058345466999981,100,0.01862069200001315,9.351394958000014
s4-p4-r7-08d8daab,p4,7,D,10,10,0,2.3370402159999912,10,0.005580450000024939,5.094626005999999
s4-p4-r8-527aa67a,p4,8,A,40,40,0,0.056987262999996346,40,0.007428360999938377,6.45880917799991
s4-p4-r8-527aa67a,p4,8,B,100,100,0,0.05631063099997391,100,0.001984306999929686,8.88260572899992
s4-p4-r8-527aa67a,p4,8,C,100,100,0,0.05510171100002026,100,0.014589093999916258,8.940524779999919
s4-p4-r8-527aa67a,p4,8,D,10,10,0,4.468688162000035,10,0.019524518999901375,5.0440472619999355
s4-p4-r9-229e9c67,p4,9,A,40,40,0,0.06205873999999767,40,0.015142726000021867,6.79081020000001
s4-p4-r9-229e9c67,p4,9,B,100,100,0,0.05828915799997958,100,0.006601433000014367,9.111368886000037
s4-p4-r9-229e9c67,p4,9,C,100,100,0,0.05652700999996796,100,0.0007819910000534946,9.08784442700005
s4-p4-r9-229e9c67,p4,9,D,10,10,0,2.3759211209999194,10,0.0017807380000931516,5.136926774000017
s4-p4-r10-a10f06d3,p4,10,A,40,40,0,0.05700639500003035,40,0.016175103000023228,6.668144735000055
s4-p4-r10-a10f06d3,p4,10,B,100,100,0,0.05609890200003065,100,0.011734544999967511,9.07938139700002
s4-p4-r10-a10f06d3,p4,10,C,100,100,0,0.055322004999993624,100,0.0006576640000730549,9.099805048000007
s4-p4-r10-a10f06d3,p4,10,D,10,10,0,2.4162037589999272,10,0.0052004180000722044,5.1688135699999975
s4-p5-r1-52a5e497,p5,1,A,40,40,0,0.023135646000000065,40,0.01642818700000248,1.911004804000001
s4-p5-r1-52a5e497,p5,1,B,100,93,7,0.7420219170000024,100,0.008373161999998047,19.539809032999997
s4-p5-r1-52a5e497,p5,1,C,100,93,7,0.7406570779999981,100,0.01932412499999714,21.195622117
s4-p5-r1-52a5e497,p5,1,D,10,5,5,1.3220765190000066,10,0.01974731199999269,4.524885101999999
s4-p5-r2-a9879f1d,p5,2,A,40,40,0,0.014870533000021169,40,0.007424563000000717,1.6757105880000154
s4-p5-r2-a9879f1d,p5,2,B,100,95,5,0.594251971999995,100,0.014378963000012845,12.655379314000015
s4-p5-r2-a9879f1d,p5,2,C,100,95,5,0.375448734999992,100,0.008871462000001884,14.866727266000026
s4-p5-r2-a9879f1d,p5,2,D,10,5,5,1.664669358999987,10,0.01552662300002794,4.513402173000003
s4-p5-r3-662ae60f,p5,3,A,40,40,0,0.015420334999987517,40,0.012371465999990505,1.5856468300000017
s4-p5-r3-662ae60f,p5,3,B,100,98,2,0.25264520900000775,100,0.010010285999982216,15.648510889999983
s4-p5-r3-662ae60f,p5,3,C,100,91,9,0.7884863500000279,100,0.013281086000006326,19.438010854999987
s4-p5-r3-662ae60f,p5,3,D,10,7,3,1.9176161450000109,10,0.018325551999993195,3.3477486809999846
s4-p5-r4-a32733eb,p5,4,A,40,40,0,0.035678584000010005,40,0.018371803999997383,2.0105488949999994
s4-p5-r4-a32733eb,p5,4,B,100,92,8,0.6870775980000019,100,0.017796006999986957,17.509095290999966
s4-p5-r4-a32733eb,p5,4,C,100,91,9,1.0458348570000169,100,0.019980305999979464,18.99206337399997
s4-p5-r4-a32733eb,p5,4,D,10,7,3,2.078606714000017,10,0.006435372999987976,4.66273783699998
s4-p5-r5-c4d8804d,p5,5,A,40,40,0,0.019933715000036045,40,0.011073487000032856,1.6879154549999953
s4-p5-r5-c4d8804d,p5,5,B,100,93,7,0.5983195030000275,100,0.012937921000002461,15.269819959000017
s4-p5-r5-c4d8804d,p5,5,C,100,91,9,0.7618375299999798,100,0.016762163000009878,20.056360756000004
s4-p5-r5-c4d8804d,p5,5,D,10,5,5,1.1579247109999642,10,0.006755453000039324,5.1174898620000135
s4-p5-r6-ca2103be,p5,6,A,40,40,0,0.016344024999966678,40,0.014713462999964122,1.8987080489999926
s4-p5-r6-ca2103be,p5,6,B,100,90,10,0.779075760000012,100,0.020167044999993777,18.078939652999964
s4-p5-r6-ca2103be,p5,6,C,100,95,5,0.46568461099997194,100,0.009693993999974282,14.276291420999996
s4-p5-r6-ca2103be,p5,6,D,10,6,4,0.8377250620000041,10,0.0187462129999858,3.671470001999978
s4-p5-r7-906260dc,p5,7,A,40,40,0,0.017785084000024654,40,0.002502289999995355,1.6533599030000232
s4-p5-r7-906260dc,p5,7,B,100,94,6,0.7393066980000071,100,0.011522703000025558,24.911733286000015
s4-p5-r7-906260dc,p5,7,C,100,90,10,1.2328810280000084,100,0.018630621999989216,31.521187112999996
s4-p5-r7-906260dc,p5,7,D,10,1,9,1.2974694939999836,10,0.005407380000008288,8.928967793000027
s4-p5-r8-209738c8,p5,8,A,40,40,0,0.01603125600001931,40,0.007298686000012822,1.646988158000056
s4-p5-r8-209738c8,p5,8,B,100,91,9,0.7782764970000358,100,0.0018440850000160935,16.849762586000054
s4-p5-r8-209738c8,p5,8,C,100,97,3,0.41557303500002263,100,0.014758211000014398,15.056418399000052
s4-p5-r8-209738c8,p5,8,D,10,7,3,1.281391044999964,10,0.019349203000047055,3.0269694310000546
s4-p5-r9-278d0ab2,p5,9,A,40,40,0,0.016483330000028218,40,0.015000284000052488,1.7931930020000664
s4-p5-r9-278d0ab2,p5,9,B,100,94,6,0.6192145310000114,100,0.006550564000008308,20.644744879000086
s4-p5-r9-278d0ab2,p5,9,C,100,88,12,1.1371471259999453,100,0.0010172710000233565,29.3040118670001
s4-p5-r9-278d0ab2,p5,9,D,10,2,8,0.8508618570000408,10,0.0016110720000597212,6.117232394000098
s4-p5-r10-b7b00384,p5,10,A,40,40,0,0.013543977999916024,40,0.016173182999978053,1.553271015000064
s4-p5-r10-b7b00384,p5,10,B,100,92,8,0.6692548900000475,100,0.011713912000004711,17.703359701000068
s4-p5-r10-b7b00384,p5,10,C,100,95,5,0.6379149919999918,100,0.0005190260000063063,15.256269675999988
s4-p5-r10-b7b00384,p5,10,D,10,7,3,1.127738679999993,10,0.005145798000057766,2.6906087639999896
